,정류소명,경도,위도
0,염창역.서울도시가스,126.8758813624,37.5470974954
1,염창역.서울도시가스,126.875005296,37.5469638223
2,등촌역.강서보건소,126.8686519482,37.5490054028
3,등촌역.강서보건소,126.8675998318,37.5494106214
4,등촌중학교.백석초등학교,126.8615536765,37.5526278025
5,등촌중학교.백석초등학교,126.8605244195,37.5528653812
6,강서구청사거리.서울디지털대학교,126.8557818766,37.5547564863
7,강서구청사거리.서울디지털대학교,126.8540843129,37.5552355847
8,KBS스포츠월드,126.8504630663,37.5566007161
9,KBS스포츠월드,126.84923323,37.5569118315
10,한국가스기술공사,126.8454938402,37.5578531453
11,한국가스기술공사,126.843257,37.557872
12,발산역,126.8391584264,37.5584907687
13,송정역,126.8095961346,37.5613708422
14,송정역,126.811072238,37.561349785
15,"공항중학교.마곡엠밸리9,10단지",126.8158007588,37.5607246898
16,발산역,126.8376109437,37.5585733533
17,마곡역,126.827513,37.559695
18,마곡역,126.826071948,37.5597895559
19,"공항중학교.마곡엠밸리9,10단지",126.817152,37.560738
20,마곡동로사거리,126.834585405,37.5590346393
21,마곡동로사거리,126.8318218773,37.5592024204
22,강서세무서,126.821294273,37.5602555146
23,강서세무서,126.8227020795,37.5602011559
24,화원중학교,126.8409157976,37.5377940901
25,서울식물원.식물문화센터,126.8349619166,37.5683883474
26,백석초등학교.한국임업진흥원,126.8616542673,37.5527036123
27,등촌중학교.한국임업진흥원,126.8601040507,37.5529521864
28,KC대학교.강서LG베스트샵,126.8559083753,37.5548954092
29,하이웨이주유소.KC대학교,126.8558775567,37.5544421215
30,서울식물원.숲문화학교,126.8340419189,37.5663239835
31,LG사이언스파크,126.833247985,37.5617826066
32,등촌주공5단지아파트,126.843905152,37.5581646361
33,발산역4번출구,126.8392815106,37.5586270014
34,발산역5번출구,126.8394838811,37.5582109717
35,공항초등학교,126.817211018,37.5607764416
36,공항중학교,126.814653,37.56112
37,송정역,126.810322176,37.5611863858
38,송정역,126.8090169265,37.5616789813
39,공항시장,126.8089271716,37.5622519305
40,공항시장,126.8090745347,37.5626135068
41,공항시장역3번출구,126.8109493938,37.5638248877
42,공항시장역.공항성산교회,126.8113840134,37.5647464984
43,방화주유소,126.812578,37.566218
44,방화2동청성아파트앞,126.8116149845,37.5669761672
45,방신전통시장,126.8128856536,37.5699292608
46,방화2동우촌연립,126.8114748571,37.5700234331
47,국민은행방화동지점,126.8115903308,37.5727187792
48,국민은행방화동지점,126.8113414217,37.5726571076
49,한서고등학교.보람아파트,126.811733,37.57483
50,한서고등학교.보람아파트,126.8114186211,37.574816243
51,방화역2번출구,126.812627,37.576742
52,방화역,126.8123587027,37.5769118737
53,방화3동주민센터.국립국어원,126.813513,37.57913
54,방화도시7단지.국립국어원,126.8132330383,37.5790596554
55,가양3동도시개발8단지아파트.가양역,126.8558158083,37.5618174928
56,가양역.마포중고등학교,126.8542038866,37.5589275113
57,가양역.마포중고등학교,126.8541936005,37.5595591647
58,경복비즈니스고등학교,126.8534482519,37.5575280794
59,경복비즈니스고등학교,126.8531220051,37.557662838
60,강서구청.한국건강관리협회,126.8505841855,37.552627948
61,강서구청.한국건강관리협회,126.8501698616,37.5526688733
62,우장초등학교,126.8481814428,37.5503532252
63,우장초등학교,126.8477782735,37.549366909
64,한국폴리텍1.서울강서대학교,126.8452748106,37.5460872756
65,한국폴리텍1.서울강서대학교,126.8447320961,37.5458432676
66,화곡본동시장,126.8426281976,37.5431786479
67,화곡본동시장,126.8432514003,37.5433434761
68,화곡역,126.838854189,37.5410307536
69,화곡역,126.8371072799,37.5408778739
70,강서구청소년상담복지센터,126.8354477303,37.5401114441
71,화곡푸르지오,126.8344789776,37.5401506396
72,외발산신광명마을,126.8215259396,37.5460645834
73,외발산신광명마을,126.821132,37.545958
74,강서면허시험장.메이필드호텔,126.8194959796,37.5496838966
75,강서면허시험장.메이필드호텔,126.8203782658,37.5475298249
76,강서농수산물도매시장,126.81998,37.55187
77,영인운수.차고지,126.8179353333,37.5453351183
78,대한항공.메이필드호텔,126.8168622636,37.5495108241
79,공항동송정중학교,126.815117,37.552778
80,공항동송정중학교,126.815368,37.55313
81,국립항공박물관.공항동천주교회,126.811917,37.555638
82,국립항공박물관.공항동천주교회,126.811943,37.555152
83,공항동지하도입구,126.808185,37.559087
84,영인운수.차고지,126.8182035541,37.5453223584
85,방화중학교,126.8059168195,37.564621397
86,방화2동주민센터,126.8056214646,37.5671989332
87,방화동도시개발11단지,126.804202,37.570852
88,개화119안전센터,126.8026,37.575195
89,개화119안전센터,126.802225,37.575128
90,개화역1번출구.개화검문소,126.800345,37.578455
91,개화역1번출구.개화검문소,126.7997884498,37.5784942626
92,상사마을,126.7985641294,37.5824925499
93,상사마을,126.798335,37.58182
94,영일고등학교.강서도서관,126.8633553696,37.5489885793
95,아이파크아파트.백석중학교.실로암안과,126.8621412863,37.5451448999
96,등촌2동주민센터.등촌동대림아파트,126.8629698908,37.5419424703
97,대일고교.임광아파트.배광교회,126.8635679255,37.539791346
98,용문사.시립화곡청소년센터,126.8633458107,37.5370972069
99,목동사거리,126.8635117084,37.5327627286
100,목동사거리,126.863608811,37.5316337661
101,화곡동남부시장,126.858853902,37.5318363326
102,성석교회,126.8575906388,37.5315122234
103,서울신정초등학교,126.8530869567,37.5311156308
104,서울신정초등학교,126.8524357368,37.5308544018
105,화곡8동주민센터,126.8498334324,37.5308051658
106,화곡8동주민센터.까치산시장,126.8488200647,37.5305885107
107,KT강서지사,126.8475167279,37.5299722869
108,KT강서지사,126.8478810975,37.5299538337
109,화곡동유림아파트,126.844302,37.530479
110,화곡동유림아파트,126.8442551579,37.5303014369
111,황외과앞,126.8378394153,37.5309632183
112,까치산역2번출구,126.8468455507,37.5317706703
113,까치산역4번출구,126.8461927843,37.5322386315
114,화곡동백구사,126.8427421149,37.5325837128
115,화곡동백구사,126.8407081988,37.5323340865
116,화곡대림아파트,126.8387569759,37.533098272
117,화곡동대림아파트.화곡중앙시장,126.8383894565,37.5340439211
118,가로공원.나누리병원,126.8371920237,37.5367734994
119,가로공원.나누리병원,126.8368737328,37.5374398713
120,가로공원.나누리병원,126.8364507303,37.5368265409
121,가로공원.나누리병원,126.8362926723,37.5371786505
122,다운어린이공원.치유하는교회,126.8437952234,37.5325644788
123,화원중학교,126.840433,37.537977
124,신월초등학교,126.8389691102,37.5386348969
125,신월초등학교,126.8394911995,37.5389654088
126,화곡역.현대주유소,126.8409451288,37.5406479194
127,화곡역,126.8411221475,37.540952728
128,화곡역1번출구,126.8396791886,37.5425979802
129,화곡역8번출구,126.8388885788,37.5429294084
130,대원시장,126.8382263704,37.5440629818
131,대원시장,126.8373132333,37.5445248902
132,화곡중고등학교,126.8361316002,37.5471796836
133,화곡중고등학교,126.8364541195,37.5471900427
134,우장산역,126.8365028309,37.549241001
135,우장산역,126.8361292528,37.5498027659
136,명덕고등학교.서울스타병원,126.8367014782,37.5531204851
137,명덕고등학교.서울스타병원,126.8363717464,37.5532912365
138,발산역.우장산힐스테이트,126.8376254994,37.5560385988
139,발산역.우장산힐스테이트,126.8374835698,37.5567655856
140,발산역2번출구,126.838558,37.56009
141,발산역3번출구,126.8389703128,37.5601701491
142,서울호서전문학교.등촌주공3단지아파트,126.8394809325,37.5627492675
143,서울호서전문학교.등촌주공3단지아파트,126.839755,37.562662
144,서울강서우체국,126.8404734698,37.5648933561
145,서울강서우체국,126.8400518125,37.5645673439
146,양천향교역.휴먼빌아파트,126.841569795,37.5689791361
147,양천향교입구,126.8414494561,37.5702080629
148,가양한강타운아파트,126.8432785021,37.5703925254
149,가양한강타운아파트,126.8438103417,37.5705058666
150,가양2단지성지아파트.동양고등학교,126.8464070753,37.5695279851
151,가양2단지성지아파트.동양고등학교,126.8476422533,37.5694809267
152,한보구암마을아파트,126.8487304549,37.5687785736
153,가양동천주교영등포공업고등학교,126.8496502756,37.5684832895
154,서울서진학교.우체국앞.허준박물관,126.8511694161,37.5668109862
155,탑산초등학교.허준박물관,126.8517605558,37.5666981923
156,가양도시개발4단지아파트,126.8531103371,37.5653356263
157,대림경동아파트,126.8532162499,37.5655880638
158,가양도시개발5단지아파트,126.85513,37.564242
159,가양2동강변아파트,126.8556380616,37.5641799397
160,가양3동도시개발6단지아파트,126.8579043717,37.5629463904
161,가양초등학교,126.85982,37.561717
162,강서구청별관,126.8594069581,37.5609658228
163,가양3동주민센터,126.8607529864,37.5614125205
164,가양3동도시개발9단지아파트,126.863307,37.559812
165,가양도시개발9단지.세현고등학교,126.8638406107,37.5597184628
166,염창동아3차아파트.나이아가라호텔,126.877626568,37.5491222747
167,염창동아3차아파트,126.8776893136,37.5488168686
168,염창동새마을금고,126.8733240118,37.5502350947
169,염창동새마을금고,126.8727944748,37.5501570313
170,염창동한마음.관음삼성아파트,126.8697189477,37.5530470916
171,염창동관음삼성아파트,126.8693581039,37.5529295507
172,태영.삼성한사랑아파트,126.8654574304,37.5550652684
173,금호.한솔아파트,126.8654850398,37.5554473635
174,블루나인비지니스센터.이마트,126.8637439355,37.5562428349
175,블루나인비지니스센터.이마트,126.8639188939,37.5565070571
176,이마트.강서소방서,126.8617662095,37.5576633624
177,강서소방서.이마트.증미역,126.8617194697,37.557230783
178,가양역.현대프린스텔,126.8563497598,37.5602196054
179,가양역.현대아파트,126.856602,37.560458
180,가양역.우성아파트,126.8539737105,37.5614520887
181,가양역.우성아파트,126.8532385733,37.5622483282
182,SBS공개홀,126.85080021,37.5634890953
183,SBS공개홀,126.8498490115,37.563659097
184,가양4.5단지상가앞,126.8526273202,37.5640845262
185,서울서진학교,126.8501204105,37.5660563465
186,등촌동대림아파트,126.8483940429,37.5644051441
187,강서한강자이아파트,126.8478709578,37.5650145106
188,가양동CJ주식회사,126.8449188039,37.5666083055
189,가양동CJ주식회사,126.843751077,37.566902324
190,양천초등학교.겸재정선미술관,126.8403424556,37.5690684929
191,양천초등학교.겸재정선미술관,126.8400360371,37.5688959697
192,겸재정선미술관.서울식물원,126.8381629869,37.5699094786
193,겸재정선미술관.서울식물원,126.8375146708,37.57058838
194,마곡실내배드민턴장,126.8300504998,37.5725390362
195,마곡실내배드민턴장,126.8319558638,37.5726747685
196,서남물재생센터,126.827910501,37.5729917324
197,서남물재생센터,126.8272995937,37.5726869369
198,서남환경공원.마곡청구아파트,126.8233293081,37.5732822116
199,서남환경공원.마곡청구아파트,126.822331957,37.573109762
200,방화동도시개발2단지아파트,126.8185240847,37.573249517
201,방화동도시개발2단지아파트,126.8190361849,37.5734774312
202,가양역10번출구,126.853055937,37.5619105072
203,방화동동부센트레빌아파트,126.8138643735,37.5733225126
204,방화동동부센트레빌아파트,126.814217,37.573528
205,방화사거리,126.8104923847,37.5730855678
206,방화사거리,126.809892,37.573287
207,개화산역,126.8060833577,37.572428722
208,개화산역,126.8052934018,37.5727710603
209,등촌3동천주교회,126.8456831887,37.5598916649
210,등촌3동천주교회,126.8460350791,37.5599579041
211,등촌3동5단지아파트.등촌고등학교,126.84519,37.561745
212,등촌3동5단지아파트.등촌고등학교,126.8455808289,37.5617730123
213,등촌3동주공4단지아파트,126.8430371521,37.5624040272
214,등촌동부영아파트,126.8431057704,37.5626095674
215,등촌3동주공10단지아파트,126.8474153204,37.5619664289
216,등촌3동대림아파트,126.8472923418,37.5623231025
217,마곡13단지힐스테이트아파트,126.8178706273,37.5567444402
218,다솔마을.강서농수산물도매시장,126.8198769197,37.5548179682
219,강서공업고등학교,126.8165203605,37.5756172414
220,방화동도시개발1.2단지아파트,126.8169913943,37.5751313839
221,서울항공비즈니스고등학교,126.8168322544,37.5695169119
222,서울항공비즈니스고등학교,126.8163793241,37.5689651724
223,공항중학교,126.8162550447,37.5634491761
224,공항중학교.마곡엠밸리9단지,126.81676,37.562458
225,양천향교역,126.8407487895,37.5670001354
226,방신전통시장,126.8126738174,37.5699847925
227,방화주유소,126.8125292434,37.5666910754
228,제과점앞,126.809804527,37.5604349434
229,공항동천주교회,126.811612,37.557387
230,강서한방병원,126.8390315329,37.5301259278
231,강서한방병원,126.8393407089,37.5299929864
232,강서한강자이아파트,126.8500718716,37.5663646057
233,강서구청별관,126.859807,37.561162
234,양천향교역,126.8408631191,37.5675112089
235,등촌주공1.2단지,126.8432438786,37.5658464733
236,등촌2단지부영아파트,126.8425802335,37.5638316499
237,등촌3.4단지,126.8417742982,37.5616751601
238,발산역3번출구,126.8391468181,37.5596783931
239,우장산동주민센터,126.8416541729,37.5478333029
240,문성유치원,126.844389496,37.5467844606
241,우장산투웨니퍼스트오피스텔,126.845917756,37.5471216719
242,가양7단지상가,126.861713,37.560708
243,등촌주공9단지,126.850602,37.561643
244,강서구민올림픽체육센터,126.850182,37.559912
245,등촌주공6단지,126.848477,37.560553
246,등현초등학교,126.846958,37.561208
247,가양7단지상가앞,126.8619155436,37.5607705057
248,우장산휴먼빌아파트,126.8434782256,37.5474383521
249,우장산동주민센터,126.8415089067,37.5480241401
250,양서1단지우장산아이파크이편한세상,126.8369118066,37.548013375
251,우장산파크빌,126.8451717474,37.5466719509
252,강서힐스테이트아파트,126.836963084,37.547853051
253,등촌주공6단지앞,126.848447,37.560355
254,강서구민올림픽체육센터,126.850322,37.559795
255,등촌9단지SBS공개홀,126.850932,37.561875
256,가양4.5단지상가앞,126.852823,37.563943
257,삼정그린코아아파트,126.8117011886,37.5715960686
258,강서농협,126.812847,37.567943
259,강서농협,126.812767,37.568388
260,서울방화초등학교,126.805304,37.568165
261,공항동주민센터,126.810557,37.55883
262,천주교성당,126.8123522209,37.5560299741
263,마곡나루역4번출구.서울식물원,126.8278114785,37.5650522841
264,마곡나루역5번출구.서울식물원,126.8274942732,37.5650503991
265,마곡역교차로,126.8284358686,37.5593675269
266,이대서울병원,126.8345591631,37.5587445659
267,김포공항국내선,126.8041241867,37.5588334267
268,김포공항국내선,126.8047524427,37.5583803167
269,김포공항국제선,126.801112,37.56531
270,김포공항국제선,126.8010312835,37.5649980309
271,발산역7번출구,126.837825234,37.5578843118
272,신방화역5번출구,126.8175575178,37.5673963434
273,마곡엠밸리6.7단지.마곡중학교,126.8212535617,37.5670855615
274,마곡나루역,126.8259403289,37.5667800574
275,마곡역,126.8268822544,37.5612219957
276,마곡역,126.827173,37.561329
277,마곡나루역1번출구.웰튼병원,126.8265562889,37.5669558738
278,마곡동로사거리,126.8314960803,37.5594674923
279,마곡엠밸리11.12단지,126.8214569455,37.5601213973
280,마곡13단지힐스테이트후문,126.8185665339,37.5565548603
281,공진초등학교,126.8216428956,37.5584322785
282,송정역,126.8122234956,37.5613200833
283,외발산동기점,126.8213321956,37.5452091516
284,한국공항공사,126.798872,37.562433
285,한국공항공사,126.798863,37.56242
286,개화동상사마을종점,126.80181,37.588697
287,마곡수명산파크7단지,126.8232307658,37.5492191755
288,마곡수명산파크5단지6단지,126.825449415,37.5514716063
289,마곡수명산파크2단지,126.8264227097,37.5549071083
290,마곡수명산파크2단지,126.826058,37.554787
291,마곡수명산파크3단지4단지,126.8252225589,37.55168483
292,마곡수명산파크7단지,126.822762,37.549322
293,마곡역6번출구,126.825491,37.559571
294,마곡역,126.8243287914,37.5602184256
295,화곡2동주민센터,126.8552226927,37.5313768831
296,화곡2동주민센터,126.8547625855,37.5311663625
297,마곡엠밸리14단지아파트,126.826412,37.557467
298,마곡엠밸리15단지아파트,126.8267496101,37.5574387588
299,발산역9번출구,126.8366889695,37.5588523216
300,공항동주민센터,126.810619,37.558964
301,신방화사거리,126.816922,37.572868
302,신방화사거리,126.8164460164,37.5728630927
303,방화2동우촌연립,126.8117126614,37.5701349
304,개화역광역환승센터,126.797811,37.57845
305,개화역광역환승센터,126.797978,37.57822
306,방화2동청성아파트,126.8118933674,37.5665639113
307,핑크힐병원,126.8755585298,37.5493147499
308,롯데몰.김포공항역,126.802865,37.562422
309,송정중학교정문,126.8162042491,37.5545212955
310,염창동주민센터,126.8710419747,37.553782124
311,대통마트,126.8560563182,37.5350552783
312,강원슈퍼,126.8569390185,37.5355970088
313,화곡보람3차아파트,126.8582737558,37.5364555609
314,에이엔케슬,126.859168675,37.5371360581
315,한광고,126.8584805675,37.5377930358
316,신정여상,126.8575411898,37.5372836881
317,명지해드는터아파트,126.8563782102,37.5365469849
318,동우아트빌,126.8558383469,37.5364453744
319,미주아파트,126.8549371793,37.5374138804
320,방송인아파트,126.85410904,37.5370334682
321,곰달래약국,126.858040957,37.5315199743
322,중앙하이츠빌라,126.8581894818,37.5307641322
323,곰달래아파트,126.8565274699,37.5295150061
324,삼성아파트,126.8541282205,37.5292192105
325,은창아파트,126.8518828439,37.5289352735
326,화곡전화국,126.8478041617,37.5293950543
327,까치산역4번출구,126.8459872958,37.5325726707
328,까치시장,126.8462779542,37.533742673
329,화곡탑건진선미아파트,126.846684939,37.5361311077
330,개나리슈퍼,126.8479875334,37.536604966
331,빨래세탁소,126.8491906586,37.537032727
332,공작세탁소,126.85452258,37.5364762303
333,주영렉스빌,126.8551211604,37.5359002645
334,대통마트,126.855997887,37.5348425483
335,국민약국,126.8578470281,37.5317540263
336,주영렉스빌,126.854983247,37.5358298097
337,약수터,126.85163932,37.5387776474
338,신광명마을,126.8240687003,37.5471082621
339,수명중고등학교,126.8240952322,37.549302466
340,마곡.수명산파크4단지,126.8244871379,37.550615042
341,방화중학교,126.8065584409,37.5642674199
342,한마음아파트,126.8680232498,37.5551078122
343,우성아파트앞,126.8708997,37.5555155833
344,우성아파트,126.8709494221,37.5555615934
345,봉제산정상,126.8517948391,37.5368113549
346,생태공원,126.8184521591,37.5834038379
347,NC백화점앞,126.8400698187,37.5594219779
348,염창역1번출구.강서평생학습관,126.8737556441,37.5472979883
349,명지해드는터아파트,126.8563184623,37.5366974117
350,하이웨이주유소,126.8541661911,37.554457141
351,서광아파트,126.8194426148,37.5788332307
352,마곡엠밸리7단지앞,126.8243935764,37.5655290975
353,대림아파트,126.8751414211,37.5483303142
354,하나마트,126.8531015943,37.5524923381
355,정곡초교,126.8186173155,37.5760007418
356,등명중학교,126.8429614647,37.5590951148
357,동아3차아파트,126.8760290974,37.5494621232
358,미주아파트,126.8551022133,37.5375050938
359,백연공원,126.8520877836,37.5506285112
360,방화4단지,126.813507,37.5769015679
361,등촌3동성당사거리,126.8458653593,37.5588259101
362,새마을금고,126.8732764729,37.5502377469
363,방송인아파트,126.8539239676,37.5369760423
364,KC대학교,126.851224259,37.5494785312
365,방화3동주민센터,126.8135874519,37.5785925502
366,등촌6단지,126.8476782843,37.5595698622
367,관음삼성.보람더하임아파트,126.8703832733,37.5524224634
368,공작세탁소,126.8544106552,37.5364247299
369,골목시장,126.850235687,37.5486194397
370,등촌9단지,126.8487623402,37.5614067814
371,염창중학교,126.8709339914,37.5533520946
372,대통마트,126.855893555,37.5349622669
373,SK브로드밴드강서방송,126.849284385,37.5478099476
374,정곡초교,126.8192213459,37.5757574729
375,강서세무서.공항초교,126.8205427685,37.5622606514
376,남부시장,126.857698479,37.5325197799
377,수정빌딩,126.8475435097,37.5460591227
378,다솔마을,126.8166371899,37.5544373278
379,화곡유치원,126.8461326678,37.5444216025
380,마곡엠밸리14단지,126.8256188032,37.5579919123
381,등촌7단지아파트,126.8528364747,37.5612659527
382,삼천리아파트,126.8698493274,37.5561740306
383,화곡중앙하이츠빌라,126.8580424207,37.5307477357
384,본동시장,126.8442200427,37.5428311336
385,마곡엠밸리14단지,126.8248516915,37.55835338
386,한서고등학교.보람아파트,126.8114926908,37.5748665364
387,한마음아파트,126.8678151019,37.5550445028
388,곰달래아파트,126.8572148649,37.5297942783
389,본동사무소,126.847974135,37.5426467961
390,볏골어린이공원,126.8422124206,37.5412470458
391,방신시장.LG베스트샵,126.8121203278,37.5733997171
392,마곡엠밸리11.12단지상가,126.8211341498,37.5587446136
393,삼성아파트,126.8542115306,37.5294337746
394,거성빌라,126.8490739183,37.5421787361
395,마곡13단지힐스테이트상가,126.8199110624,37.5579578917
396,겸재정선미술관입구,126.8376286494,37.5717978008
397,한국건강관리협회,126.8509971757,37.5538251223
398,이마트.증미역,126.8626080867,37.557180458
399,은창아파트,126.8518066697,37.5291208041
400,강서구립봉제산어르신복지센터,126.8502912541,37.5417729905
401,화곡본동시장,126.8427421191,37.5428192627
402,금호APT,126.8371204609,37.5743399784
403,강서구청입구,126.8496141991,37.5532043177
404,등촌강변샤르망오피스텔,126.8571485471,37.558624739
405,마곡13단지힐스테이트후문,126.8179906008,37.5567373931
406,대영마트,126.851055235,37.5405745983
407,우체국,126.8458108027,37.5442339003
408,벽산아파트,126.8367589013,37.5755640607
409,우장산꿈에그린아파트,126.8477997172,37.5532921022
410,등촌현대아파트,126.8550855865,37.5566172929
411,까치산역1번출구,126.8463346005,37.5326055625
412,정은파크빌,126.8514173531,37.540005562
413,화곡초교,126.8465565086,37.543584805
414,벽산아파트,126.8366173902,37.5755602606
415,롯데3차APT,126.8465770816,37.5528724125
416,하이웨이주유소,126.8540032996,37.5555697902
417,까치시장,126.8460803531,37.5335405699
418,약수터,126.8515080655,37.5387720758
419,금호APT,126.8369597981,37.574293801
420,강서구민회관,126.8442711774,37.5530658323
421,선교교회,126.8477612943,37.5343420215
422,겸재정선미술관입구,126.8374304603,37.5718308684
423,발산어린이집,126.8416539309,37.554367135
424,화곡탑건진선미아파트,126.8468187447,37.5359934136
425,삼거리,126.8501050323,37.5375447304
426,롯데1차,126.8405796,37.5544702163
427,개나리슈퍼,126.8480295731,37.5365203171
428,강서노인회관,126.8399795935,37.5545324812
429,빨래터세탁소,126.8492383261,37.5369625024
430,안골공원,126.8512590982,37.5359315073
431,우장산월드메르디앙아파트,126.8381369893,37.5547275427
432,방화동동부센트레빌아파트,126.8139764164,37.573289173
433,삼거리,126.8502333606,37.5373368223
434,강남슈퍼,126.8510240698,37.5351941142
435,프라임마트,126.8179218929,37.572833087
436,태창아파트,126.8508560508,37.5375766335
437,신정초교,126.8512080132,37.5325973854
438,정은파크빌,126.851506706,37.5400282017
439,마곡한솔솔파크,126.8224832996,37.5702705064
440,가양역,126.8556443698,37.5609107842
441,길훈아파트,126.8224296554,37.5687313134
442,마곡중학교,126.8205790796,37.5689981279
443,김포공항국내선,126.8033333929,37.5595403707
444,마곡나루역,126.8276308688,37.5671829205
445,롯데R&D센터,126.8278669032,37.5699126846
446,마곡나루역,126.8281467546,37.5662758355
447,메이필드호텔,126.8185609245,37.5471880752
448,대한항공,126.8145134806,37.550789026
449,대한항공,126.8150621212,37.5499834076
450,LG사이언스파크,126.8342135803,37.563177366
451,김포공항국내선,126.8037172538,37.5594860428
452,마곡엠밸리1단지,126.8190209691,37.5679377356
453,마곡나루역,126.8256738169,37.5667530681
454,마곡나루역5번출구,126.8275086883,37.5651294526
455,대한항공,126.8164830974,37.549888549
456,서울식물원.숲문화학교,126.8346856491,37.5661198826
457,마곡역2번출구,126.8262331598,37.5600164342
458,강서세무서.공항초교,126.8209337487,37.5619017064
459,강서세무서,126.8221935307,37.5622234524
460,마곡엠밸리7단지입구,126.8247449457,37.5650082084
461,마곡엠밸리7단지,126.8239338563,37.5672256411
462,마곡역,126.8269278519,37.5613772077
463,마곡엠밸리3단지입구,126.8193616096,37.5679653736
464,마곡중학교정문,126.8208224938,37.5686373065
465,길훈아파트,126.8227000401,37.5688328966
466,마곡한솔솔파크,126.8228502438,37.5701424865
467,프라임마트,126.8183981413,37.5729798792
468,방화동동부센트레빌아파트,126.8137232542,37.5735989327
469,방신시장,126.8120173693,37.5736329462
470,한서고등학교.보람아파트,126.8117384195,37.5746023226
471,마곡역,126.8278268258,37.5623832427
472,동아1.2차아파트,126.8717735698,37.5546415722
473,약수터,126.8514108147,37.5381682192
474,동아1.2차아파트,126.8720632484,37.5546585833
475,화곡역,126.8387731991,37.5413298067
476,마곡우림필유아파트,126.8206647683,37.5720190366
477,마곡우림필유아파트,126.8202678013,37.572048799
478,대영마트,126.851143455,37.540598138
479,롯데R&D센터,126.8288334001,37.5700686109
480,마곡엠밸리7단지.712동,126.8235422464,37.5672382393
481,신방화역4번출구.마곡중학교,126.820053233,37.5675019396
482,신방화역7번출구,126.816377,37.56661
483,마곡엠밸리4단지,126.8250401485,37.5688210318
484,마곡엠밸리5단지,126.816778,37.566192
485,화곡중앙골목시장,126.837775875,37.5347017814
486,송화시장,126.8352516144,37.5479822354
487,삼천리아파트,126.869805293,37.5561118066
488,LG주유소,126.8577463741,37.5315297061
489,오쇠동꽃단지,126.7978638462,37.5382211674
490,오쇠동꽃단지,126.7974938496,37.5382088192
491,강서구립봉제산어르신복지센터,126.8503919612,37.5417776236
492,화곡중.고등학교,126.8331216837,37.5479819479
493,증미역,126.8636220972,37.5566427797
494,삼거리,126.850104675,37.5371798683
495,남부시장,126.8578070724,37.5325361304
496,송정역,126.8093370523,37.5613190619
497,거성빌라,126.8490228142,37.5422678792
498,김포공항국내선,126.8030850688,37.5597057577
499,강서면허시험장,126.8188279446,37.55027309
500,덕원여자고등학교.덕원예술고등학교,126.8321738366,37.5492511475
501,증미역,126.8634708693,37.5564002108
502,봉제산정상,126.8516122813,37.5366775541
503,김포공항국내선,126.8036809737,37.5595085098
504,성우빌딩,126.8574554641,37.5335728691
505,발산초등학교,126.8314177559,37.550788238
506,김포공항국내선,126.8044802852,37.5585727001
507,로미오이발클럽,126.8530365707,37.5360346554
508,강서면허시험장메이필트호텔,126.8181908181,37.5502477813
509,강서구의회,126.8621434783,37.5451836495
510,강서구의회,126.8629063713,37.5463487525
511,대일고등학교,126.8634754278,37.5390090878
512,목동사거리,126.8636807084,37.5306750816
513,김포공항국제선,126.8021756851,37.5658713092
514,강서면허시험장.메이필드호텔,126.8184684663,37.5500977258
515,염창역2번출구,126.8760113689,37.547183236
516,태영송화아파트,126.867513837,37.5538754466
517,김포공항국제선,126.801935005,37.565706006
518,대통마트,126.8561245344,37.5348868564
519,화곡초교,126.8467695833,37.5434282911
520,현대슈퍼,126.8308140121,37.552012862
521,관음삼성.보람더하임아파트,126.8703510926,37.5520520784
522,청송평화아파트,126.8536875781,37.5352704328
523,아람마트,126.8550234736,37.5343394453
524,수명산파크1단지,126.8298250178,37.5534189491
525,새마을금고,126.8724183295,37.5503900089
526,성심사,126.8539816967,37.5335722297
527,성심사,126.8539521279,37.5336487863
528,마곡.수명산파크2단지,126.8278597199,37.5536179453
529,아람마트,126.855070011,37.5342647114
530,현대빌라,126.8538521523,37.534434419
531,화곡역7번출구,126.8386545056,37.5412701723
532,마곡.수명산파크3단지,126.8258981428,37.5531861489
533,청송평화아파트,126.8538045319,37.5354683249
534,마곡수명산파크3단지.4단지,126.8252405265,37.5517452299
535,화곡보람3차아파트,126.8583824999,37.5363953179
536,로미오이발클럽,126.8530998123,37.5360987119
537,푸르지오APT,126.8311221371,37.5418579682
538,염동초교.염창보람더하임아파트,126.8710912292,37.5514302327
539,에이엔케슬,126.8592862958,37.5371695389
540,염동초교.염창보람더하임아파트,126.8712221043,37.5516700665
541,화곡유치원,126.8464171886,37.5442854321
542,나이아가라.리버파크.골든서울호텔,126.878220283,37.5487074838
543,한광고,126.8585947399,37.5378553482
544,수정빌딩,126.8476445823,37.5456801149
545,수명산파크7단지정문,126.8242285136,37.5479699462
546,신정여상,126.857520614,37.5373926959
547,SK브로드밴드강서방송,126.8491829775,37.5475872477
548,나이아가라.리버파크.골든서울호텔,126.8783455394,37.5489337877
549,골목시장,126.850224658,37.5484752506
550,서울자동차학원,126.8215963672,37.5469045098
551,KC대학교,126.85131269,37.5494011485
552,백연공원,126.8527154725,37.5511346887
553,하나마트,126.8533161827,37.552539865
554,강서구청후문,126.8502252218,37.5504558566
555,화곡보람2차아파트,126.8542066761,37.5540028423
556,강서아파트,126.850726634,37.5515729471
557,본동사무소,126.8479819011,37.5427233992
558,황제참치,126.8514757606,37.5527741489
559,청과시장2,126.8212167365,37.551853645
560,콘티넨탈호텔,126.8522416609,37.5540907066
561,강서면허시험장,126.8211156008,37.5481854937
562,등촌역1번출구,126.8632088215,37.5520681181
563,발산역3번출구,126.8386304653,37.5592460652
564,수명산파크7단지상가,126.8222346535,37.5473830524
565,수명산파크7단지정문,126.8242774574,37.5478510746
566,수명중.고등학교,126.8241692626,37.5500676051
567,기업은행,126.8408606746,37.5660884052
568,마곡수명산파크5단지.6단지,126.8253974999,37.551408453
569,김포공항국내선(11-2번홈),126.802733172,37.5598552139
570,수명산파크상가,126.8260631341,37.5532954243
571,변전소,126.8378902625,37.5707078403
572,수명산파크5단지아파트,126.8282122309,37.5533940864
573,김포공항국내선(11-3번홈),126.8026139532,37.5600161723
574,수명산파크1단지아파트앞,126.8297393667,37.5532575299
575,현대슈퍼,126.8310797888,37.5510968302
576,발산초등학교,126.8318357277,37.5496273238
577,변전소,126.8377373459,37.5707472783
578,화곡중.고등학교,126.8331241842,37.5478756223
579,송화시장,126.8353186306,37.5478714943
580,우장산월드메르디앙아파트,126.8379443491,37.5546252214
581,강서노인회관,126.8395111456,37.5544705711
582,롯데2차,126.8404847373,37.5543709679
583,김포공항국제선(1경기),126.8013316631,37.5652767853
584,발산어린이집,126.8415567994,37.5542696867
585,강서구민회관,126.8442047794,37.5528837238
586,방화3동주민센터,126.8136547657,37.578386307
587,롯데3차APT,126.8464573797,37.5527406972
588,방화동삼익아파트,126.8132284757,37.5768069244
589,공영주차장,126.8478384134,37.5531867241
590,방화중학교(시외버스),126.8066857249,37.5638654303
591,강서구청입구,126.8499143847,37.5530776454
592,서광아파트,126.8196509419,37.5788326481
593,생태공원,126.8185765185,37.5834824238
594,등촌7단지,126.8529789677,37.5613328111
595,등촌10단지,126.8486443616,37.5615336843
596,등촌미주.진로아파트,126.8477466451,37.5599069591
597,등촌3동성당사거리,126.8456364312,37.5589634783
598,등촌5단지,126.8439155633,37.5591423356
599,공원앞,126.8417735551,37.5593503403
600,발산역.NC백화점,126.8394594755,37.5597454044
601,동우아트빌,126.8560381111,37.5366514124
602,태창아파트,126.8508667796,37.5379488345
603,강서농수산물도매시장,126.8179815969,37.5534409346
604,강서농수산물도매시장종점,126.8226727076,37.5545167694
605,등촌동주공9단지,126.8497520174,37.5629182758
606,등촌주공9단지,126.8498917242,37.5626814662
607,등촌동주공8단지,126.8513904609,37.5621012565
608,화훼단지,126.769200409,37.5562932237
609,화훼단지,126.7688707105,37.5563989076
610,국립항공박물관,126.8076813957,37.5563306325
611,등촌주공8단지,126.852100007,37.5616236673
612,대한항공화물청사,126.8132205142,37.5514321709
613,대한항공훈련센터,126.8131745021,37.5462877526
614,김포공항화물청사,126.8112608986,37.5534204714
615,김포공항세관.국립항공박물관,126.8080679474,37.5556608484
616,강원슈퍼,126.8570263026,37.5355160159
617,대한항공빌딩,126.8145690738,37.5507341466
618,대한항공,126.8168535705,37.5495780042
619,김포공항국제선,126.800809711,37.564885922
